seed	time	cell_id	cell_xyz	cell_bw_MHz	subbands	MIMO_gain	cell_dBm	n_UEs	tp_agg_bits	tp_avg_bits	cell_ec_now	cell_ee_now	cell_avg_se_now	cell_tp_agg_bits_cum	cell_tp_avg_bits_cum	cell_ec_cum	cell_ee_cum	cell_avg_se_overall
0	1	0	[-500.   -866.03   20.  ]	10	1	0	44	3	1.1647e+07	3.88233e+06	479258	24.3021	0.388233	1.1647e+07	3.88233e+06	479258	24.3021	0.0388233
0	1	1	[   0.   -866.03   20.  ]	10	1	0	44	5	1.23084e+07	2.46168e+06	479258	25.6822	0.41028	2.39554e+07	6.34401e+06	958517	49.9843	0.0449103
0	1	2	[ 500.   -866.03   20.  ]	10	1	0	44	5	6.609e+06	1.3218e+06	479258	13.7901	0.2203	3.05644e+07	7.66581e+06	1.43778e+06	63.7744	0.026521
0	1	3	[-750.   -433.01   20.  ]	10	1	0	44	6	7.42183e+06	1.23697e+06	479258	15.4861	0.247394	3.79862e+07	8.90279e+06	1.91703e+06	79.2604	0.0273915
0	1	4	[-250.   -433.01   20.  ]	10	1	0	44	8	7.12888e+06	891109	479258	14.8748	0.237629	4.51151e+07	9.79389e+06	2.39629e+06	94.1352	0.0265021
0	1	5	[ 250.   -433.01   20.  ]	10	1	0	44	4	9.9705e+06	2.49262e+06	479258	20.804	0.33235	5.50856e+07	1.22865e+07	2.87555e+06	114.939	0.0358852
0	1	6	[ 750.   -433.01   20.  ]	10	1	0	44	13	1.07692e+07	828396	479258	22.4705	0.358972	6.58548e+07	1.31149e+07	3.35481e+06	137.41	0.0394857
0	1	7	[-1000.     0.    20.]	10	1	0	44	3	1.528e+07	5.09333e+06	479258	31.8826	0.509333	8.11348e+07	1.82082e+07	3.83407e+06	169.292	0.0548819
0	1	8	[-500.    0.   20.]	10	1	0	44	5	5.828e+06	1.1656e+06	479258	12.1605	0.194267	8.69628e+07	1.93738e+07	4.31333e+06	181.453	0.0249149
0	1	9	[ 0.  0. 20.]	10	1	0	44	9	6.263e+06	695889	479258	13.0681	0.208767	9.32258e+07	2.00697e+07	4.79258e+06	194.521	0.0233682
0	1	10	[500.   0.  20.]	10	1	0	44	9	9.29033e+06	1.03226e+06	479258	19.3848	0.309678	1.02516e+08	2.1102e+07	5.27184e+06	213.906	0.0333046
0	1	11	[1000.    0.   20.]	10	1	0	44	3	9.62267e+06	3.20756e+06	479258	20.0782	0.320756	1.12139e+08	2.43096e+07	5.7511e+06	233.984	0.035406
0	1	12	[-750.    433.01   20.  ]	10	1	0	44	7	1.26843e+07	1.81204e+06	479258	26.4665	0.42281	1.24823e+08	2.61216e+07	6.23036e+06	260.45	0.0458216
0	1	13	[-250.    433.01   20.  ]	10	1	0	44	5	7.0388e+06	1.40776e+06	479258	14.6869	0.234627	1.31862e+08	2.75294e+07	6.70962e+06	275.137	0.0280448
0	1	14	[250.   433.01  20.  ]	10	1	0	44	7	7.25714e+06	1.03673e+06	479258	15.1424	0.241905	1.39119e+08	2.85661e+07	7.18888e+06	290.28	0.026995
0	1	15	[750.   433.01  20.  ]	10	1	0	44	2	3.984e+06	1.992e+06	479258	8.31284	0.1328	1.43103e+08	3.05581e+07	7.66813e+06	298.593	0.0159795
0	1	16	[-500.    866.03   20.  ]	10	1	0	44	5	1.25704e+07	2.51408e+06	479258	26.2289	0.419013	1.55673e+08	3.30722e+07	8.14739e+06	324.821	0.0434993
0	1	17	[  0.   866.03  20.  ]	10	1	0	44	4	1.04198e+07	2.60494e+06	479258	21.7414	0.347325	1.66093e+08	3.56771e+07	8.62665e+06	346.563	0.0390824
0	1	18	[500.   866.03  20.  ]	10	1	0	44	1	4.902e+06	4.902e+06	479258	10.2283	0.1634	1.70995e+08	4.05791e+07	9.10591e+06	356.791	0.0202482
0	2	0	[-500.   -866.03   20.  ]	10	1	0	39	3	1.1647e+07	3.88233e+06	151989	76.6306	0.388233	1.82642e+08	4.44614e+07	9.2579e+06	433.422	0.0408482
0	2	1	[   0.   -866.03   20.  ]	10	1	0	39	5	1.23084e+07	2.46168e+06	151989	80.9822	0.41028	1.94951e+08	4.69231e+07	9.40989e+06	514.404	0.0451128
0	2	2	[ 500.   -866.03   20.  ]	10	1	0	39	5	6.609e+06	1.3218e+06	151989	43.4834	0.2203	2.0156e+08	4.82449e+07	9.56188e+06	557.887	0.0265413
0	2	3	[-750.   -433.01   20.  ]	10	1	0	39	6	7.42183e+06	1.23697e+06	151989	48.8314	0.247394	2.08981e+08	4.94819e+07	9.71387e+06	606.719	0.0273936
0	2	4	[-250.   -433.01   20.  ]	10	1	0	39	8	7.12888e+06	891109	151989	46.9039	0.237629	2.1611e+08	5.0373e+07	9.86585e+06	653.623	0.0265023
0	2	5	[ 250.   -433.01   20.  ]	10	1	0	39	4	9.9705e+06	2.49262e+06	151989	65.6002	0.33235	2.26081e+08	5.28656e+07	1.00178e+07	719.223	0.0358852
0	2	6	[ 750.   -433.01   20.  ]	10	1	0	39	13	1.07692e+07	828396	151989	70.8548	0.358972	2.3685e+08	5.3694e+07	1.01698e+07	790.078	0.0394857
0	2	7	[-1000.     0.    20.]	10	1	0	39	3	1.528e+07	5.09333e+06	151989	100.534	0.509333	2.5213e+08	5.87874e+07	1.03218e+07	890.611	0.0548819
0	2	8	[-500.    0.   20.]	10	1	0	39	5	5.828e+06	1.1656e+06	151989	38.3449	0.194267	2.57958e+08	5.9953e+07	1.04738e+07	928.956	0.0249149
0	2	9	[ 0.  0. 20.]	10	1	0	39	9	6.263e+06	695889	151989	41.2069	0.208767	2.64221e+08	6.06488e+07	1.06258e+07	970.163	0.0233682
0	2	10	[500.   0.  20.]	10	1	0	39	9	9.29033e+06	1.03226e+06	151989	61.1251	0.309678	2.73511e+08	6.16811e+07	1.07778e+07	1031.29	0.0333046
0	2	11	[1000.    0.   20.]	10	1	0	39	3	9.62267e+06	3.20756e+06	151989	63.3116	0.320756	2.83134e+08	6.48887e+07	1.09298e+07	1094.6	0.035406
0	2	12	[-750.    433.01   20.  ]	10	1	0	39	7	1.26843e+07	1.81204e+06	151989	83.4553	0.42281	2.95818e+08	6.67007e+07	1.10818e+07	1178.06	0.0458216
0	2	13	[-250.    433.01   20.  ]	10	1	0	39	5	7.0388e+06	1.40776e+06	151989	46.3113	0.234627	3.02857e+08	6.81085e+07	1.12338e+07	1224.37	0.0280448
0	2	14	[250.   433.01  20.  ]	10	1	0	39	7	7.25714e+06	1.03673e+06	151989	47.7478	0.241905	3.10114e+08	6.91452e+07	1.13857e+07	1272.11	0.026995
0	2	15	[750.   433.01  20.  ]	10	1	0	39	2	3.984e+06	1.992e+06	151989	26.2124	0.1328	3.14098e+08	7.11372e+07	1.15377e+07	1298.33	0.0159795
0	2	16	[-500.    866.03   20.  ]	10	1	0	39	5	1.25704e+07	2.51408e+06	151989	82.706	0.419013	3.26669e+08	7.36513e+07	1.16897e+07	1381.03	0.0434993
0	2	17	[  0.   866.03  20.  ]	10	1	0	39	4	1.04198e+07	2.60494e+06	151989	68.556	0.347325	3.37088e+08	7.62562e+07	1.18417e+07	1449.59	0.0390824
0	2	18	[500.   866.03  20.  ]	10	1	0	39	1	4.902e+06	4.902e+06	151989	32.2523	0.1634	3.4199e+08	8.11582e+07	1.19937e+07	1481.84	0.0202482
0	3	0	[-500.   -866.03   20.  ]	10	1	0	34	3	1.1647e+07	3.88233e+06	48497.3	240.158	0.388233	3.53637e+08	8.50405e+07	1.20422e+07	1722	0.0408482
0	3	1	[   0.   -866.03   20.  ]	10	1	0	34	5	1.23084e+07	2.46168e+06	48497.3	253.796	0.41028	3.65946e+08	8.75022e+07	1.20907e+07	1975.79	0.0451128
0	3	2	[ 500.   -866.03   20.  ]	10	1	0	34	5	6.609e+06	1.3218e+06	48497.3	136.276	0.2203	3.72555e+08	8.8824e+07	1.21392e+07	2112.07	0.0265413
0	3	3	[-750.   -433.01   20.  ]	10	1	0	34	6	7.42183e+06	1.23697e+06	48497.3	153.036	0.247394	3.79977e+08	9.0061e+07	1.21877e+07	2265.11	0.0273936
0	3	4	[-250.   -433.01   20.  ]	10	1	0	34	8	7.12888e+06	891109	48497.3	146.995	0.237629	3.87105e+08	9.09521e+07	1.22362e+07	2412.1	0.0265023
0	3	5	[ 250.   -433.01   20.  ]	10	1	0	34	4	9.9705e+06	2.49262e+06	48497.3	205.589	0.33235	3.97076e+08	9.34447e+07	1.22847e+07	2617.69	0.0358852
0	3	6	[ 750.   -433.01   20.  ]	10	1	0	34	13	1.07692e+07	828396	48497.3	222.057	0.358972	4.07845e+08	9.42731e+07	1.23332e+07	2839.75	0.0394857
0	3	7	[-1000.     0.    20.]	10	1	0	34	3	1.528e+07	5.09333e+06	48497.3	315.069	0.509333	4.23125e+08	9.93665e+07	1.23817e+07	3154.82	0.0548819
0	3	8	[-500.    0.   20.]	10	1	0	34	5	5.828e+06	1.1656e+06	48497.3	120.172	0.194267	4.28953e+08	1.00532e+08	1.24302e+07	3274.99	0.0249149
0	3	9	[ 0.  0. 20.]	10	1	0	34	9	6.263e+06	695889	48497.3	129.141	0.208767	4.35216e+08	1.01228e+08	1.24787e+07	3404.13	0.0233682
0	3	10	[500.   0.  20.]	10	1	0	34	9	9.29033e+06	1.03226e+06	48497.3	191.564	0.309678	4.44506e+08	1.0226e+08	1.25272e+07	3595.69	0.0333046
0	3	11	[1000.    0.   20.]	10	1	0	34	3	9.62267e+06	3.20756e+06	48497.3	198.417	0.320756	4.54129e+08	1.05468e+08	1.25757e+07	3794.11	0.035406
0	3	12	[-750.    433.01   20.  ]	10	1	0	34	7	1.26843e+07	1.81204e+06	48497.3	261.546	0.42281	4.66813e+08	1.0728e+08	1.26242e+07	4055.66	0.0458216
0	3	13	[-250.    433.01   20.  ]	10	1	0	34	5	7.0388e+06	1.40776e+06	48497.3	145.138	0.234627	4.73852e+08	1.08688e+08	1.26727e+07	4200.8	0.0280448
0	3	14	[250.   433.01  20.  ]	10	1	0	34	7	7.25714e+06	1.03673e+06	48497.3	149.64	0.241905	4.81109e+08	1.09724e+08	1.27212e+07	4350.44	0.026995
0	3	15	[750.   433.01  20.  ]	10	1	0	34	2	3.984e+06	1.992e+06	48497.3	82.149	0.1328	4.85093e+08	1.11716e+08	1.27697e+07	4432.59	0.0159795
0	3	16	[-500.    866.03   20.  ]	10	1	0	34	5	1.25704e+07	2.51408e+06	48497.3	259.198	0.419013	4.97664e+08	1.1423e+08	1.28182e+07	4691.78	0.0434993
0	3	17	[  0.   866.03  20.  ]	10	1	0	34	4	1.04198e+07	2.60494e+06	48497.3	214.852	0.347325	5.08083e+08	1.16835e+08	1.28667e+07	4906.64	0.0390824
0	3	18	[500.   866.03  20.  ]	10	1	0	34	1	4.902e+06	4.902e+06	48497.3	101.078	0.1634	5.12985e+08	1.21737e+08	1.29151e+07	5007.71	0.0202482
0	4	0	[-500.   -866.03   20.  ]	10	1	0	29	3	1.1647e+07	3.88233e+06	15770.3	738.54	0.388233	5.24632e+08	1.2562e+08	1.29309e+07	5746.25	0.0408482
0	4	1	[   0.   -866.03   20.  ]	10	1	0	29	5	1.23084e+07	2.46168e+06	15770.3	780.479	0.41028	5.36941e+08	1.28081e+08	1.29467e+07	6526.73	0.0451128
0	4	2	[ 500.   -866.03   20.  ]	10	1	0	29	5	6.609e+06	1.3218e+06	15770.3	419.079	0.2203	5.4355e+08	1.29403e+08	1.29625e+07	6945.81	0.0265413
0	4	3	[-750.   -433.01   20.  ]	10	1	0	29	6	7.42183e+06	1.23697e+06	15770.3	470.621	0.247394	5.50972e+08	1.3064e+08	1.29782e+07	7416.43	0.0273936
0	4	4	[-250.   -433.01   20.  ]	10	1	0	29	8	7.12888e+06	891109	15770.3	452.044	0.237629	5.58101e+08	1.31531e+08	1.2994e+07	7868.48	0.0265023
0	4	5	[ 250.   -433.01   20.  ]	10	1	0	29	4	9.9705e+06	2.49262e+06	15770.3	632.233	0.33235	5.68071e+08	1.34024e+08	1.30098e+07	8500.71	0.0358852
0	4	6	[ 750.   -433.01   20.  ]	10	1	0	29	13	1.07692e+07	828396	15770.3	682.875	0.358972	5.7884e+08	1.34852e+08	1.30255e+07	9183.58	0.0394857
0	4	7	[-1000.     0.    20.]	10	1	0	29	3	1.528e+07	5.09333e+06	15770.3	968.91	0.509333	5.9412e+08	1.39946e+08	1.30413e+07	10152.5	0.0548819
0	4	8	[-500.    0.   20.]	10	1	0	29	5	5.828e+06	1.1656e+06	15770.3	369.555	0.194267	5.99948e+08	1.41111e+08	1.30571e+07	10522	0.0249149
0	4	9	[ 0.  0. 20.]	10	1	0	29	9	6.263e+06	695889	15770.3	397.139	0.208767	6.06211e+08	1.41807e+08	1.30729e+07	10919.2	0.0233682
0	4	10	[500.   0.  20.]	10	1	0	29	9	9.29033e+06	1.03226e+06	15770.3	589.103	0.309678	6.15502e+08	1.42839e+08	1.30886e+07	11508.3	0.0333046
0	4	11	[1000.    0.   20.]	10	1	0	29	3	9.62267e+06	3.20756e+06	15770.3	610.176	0.320756	6.25124e+08	1.46047e+08	1.31044e+07	12118.5	0.035406
0	4	12	[-750.    433.01   20.  ]	10	1	0	29	7	1.26843e+07	1.81204e+06	15770.3	804.315	0.42281	6.37808e+08	1.47859e+08	1.31202e+07	12922.8	0.0458216
0	4	13	[-250.    433.01   20.  ]	10	1	0	29	5	7.0388e+06	1.40776e+06	15770.3	446.333	0.234627	6.44847e+08	1.49267e+08	1.31359e+07	13369.1	0.0280448
0	4	14	[250.   433.01  20.  ]	10	1	0	29	7	7.25714e+06	1.03673e+06	15770.3	460.178	0.241905	6.52104e+08	1.50303e+08	1.31517e+07	13829.3	0.026995
0	4	15	[750.   433.01  20.  ]	10	1	0	29	2	3.984e+06	1.992e+06	15770.3	252.627	0.1328	6.56088e+08	1.52295e+08	1.31675e+07	14081.9	0.0159795
0	4	16	[-500.    866.03   20.  ]	10	1	0	29	5	1.25704e+07	2.51408e+06	15770.3	797.093	0.419013	6.68659e+08	1.54809e+08	1.31832e+07	14879	0.0434993
0	4	17	[  0.   866.03  20.  ]	10	1	0	29	4	1.04198e+07	2.60494e+06	15770.3	660.72	0.347325	6.79079e+08	1.57414e+08	1.3199e+07	15539.7	0.0390824
0	4	18	[500.   866.03  20.  ]	10	1	0	29	1	4.902e+06	4.902e+06	15770.3	310.837	0.1634	6.83981e+08	1.62316e+08	1.32148e+07	15850.6	0.0202482
0	5	0	[-500.   -866.03   20.  ]	10	1	0	24	3	1.1647e+07	3.88233e+06	5421.14	2148.44	0.388233	6.95628e+08	1.66199e+08	1.32202e+07	17999	0.0408482
0	5	1	[   0.   -866.03   20.  ]	10	1	0	24	5	1.23084e+07	2.46168e+06	5421.14	2270.45	0.41028	7.07936e+08	1.6866e+08	1.32256e+07	20269.5	0.0451128
0	5	2	[ 500.   -866.03   20.  ]	10	1	0	24	5	6.609e+06	1.3218e+06	5421.14	1219.12	0.2203	7.14545e+08	1.69982e+08	1.3231e+07	21488.6	0.0265413
0	5	3	[-750.   -433.01   20.  ]	10	1	0	24	6	7.42183e+06	1.23697e+06	5421.14	1369.06	0.247394	7.21967e+08	1.71219e+08	1.32365e+07	22857.6	0.0273936
0	5	4	[-250.   -433.01   20.  ]	10	1	0	24	8	7.12888e+06	891109	5421.14	1315.02	0.237629	7.29096e+08	1.7211e+08	1.32419e+07	24172.6	0.0265023
0	5	5	[ 250.   -433.01   20.  ]	10	1	0	24	4	9.9705e+06	2.49262e+06	5421.14	1839.19	0.33235	7.39066e+08	1.74603e+08	1.32473e+07	26011.8	0.0358852
0	5	6	[ 750.   -433.01   20.  ]	10	1	0	24	13	1.07692e+07	828396	5421.14	1986.51	0.358972	7.49835e+08	1.75431e+08	1.32527e+07	27998.3	0.0394857
0	5	7	[-1000.     0.    20.]	10	1	0	24	3	1.528e+07	5.09333e+06	5421.14	2818.6	0.509333	7.65115e+08	1.80525e+08	1.32582e+07	30816.9	0.0548819
0	5	8	[-500.    0.   20.]	10	1	0	24	5	5.828e+06	1.1656e+06	5421.14	1075.05	0.194267	7.70943e+08	1.8169e+08	1.32636e+07	31892	0.0249149
0	5	9	[ 0.  0. 20.]	10	1	0	24	9	6.263e+06	695889	5421.14	1155.29	0.208767	7.77206e+08	1.82386e+08	1.3269e+07	33047.3	0.0233682
0	5	10	[500.   0.  20.]	10	1	0	24	9	9.29033e+06	1.03226e+06	5421.14	1713.72	0.309678	7.86497e+08	1.83418e+08	1.32744e+07	34761	0.0333046
0	5	11	[1000.    0.   20.]	10	1	0	24	3	9.62267e+06	3.20756e+06	5421.14	1775.03	0.320756	7.96119e+08	1.86626e+08	1.32798e+07	36536	0.035406
0	5	12	[-750.    433.01   20.  ]	10	1	0	24	7	1.26843e+07	1.81204e+06	5421.14	2339.78	0.42281	8.08804e+08	1.88438e+08	1.32853e+07	38875.8	0.0458216
0	5	13	[-250.    433.01   20.  ]	10	1	0	24	5	7.0388e+06	1.40776e+06	5421.14	1298.4	0.234627	8.15842e+08	1.89846e+08	1.32907e+07	40174.2	0.0280448
0	5	14	[250.   433.01  20.  ]	10	1	0	24	7	7.25714e+06	1.03673e+06	5421.14	1338.68	0.241905	8.231e+08	1.90883e+08	1.32961e+07	41512.9	0.026995
0	5	15	[750.   433.01  20.  ]	10	1	0	24	2	3.984e+06	1.992e+06	5421.14	734.901	0.1328	8.27084e+08	1.92875e+08	1.33015e+07	42247.8	0.0159795
0	5	16	[-500.    866.03   20.  ]	10	1	0	24	5	1.25704e+07	2.51408e+06	5421.14	2318.78	0.419013	8.39654e+08	1.95389e+08	1.33069e+07	44566.6	0.0434993
0	5	17	[  0.   866.03  20.  ]	10	1	0	24	4	1.04198e+07	2.60494e+06	5421.14	1922.06	0.347325	8.50074e+08	1.97994e+08	1.33124e+07	46488.6	0.0390824
0	5	18	[500.   866.03  20.  ]	10	1	0	24	1	4.902e+06	4.902e+06	5421.14	904.239	0.1634	8.54976e+08	2.02896e+08	1.33178e+07	47392.9	0.0202482
0	6	0	[-500.   -866.03   20.  ]	10	1	0	19	3	1.1647e+07	3.88233e+06	2148.44	5421.14	0.388233	8.66623e+08	2.06778e+08	1.33199e+07	52814	0.0408482
0	6	1	[   0.   -866.03   20.  ]	10	1	0	19	5	1.23084e+07	2.46168e+06	2148.44	5728.99	0.41028	8.78931e+08	2.0924e+08	1.33221e+07	58543	0.0451128
0	6	2	[ 500.   -866.03   20.  ]	10	1	0	19	5	6.609e+06	1.3218e+06	2148.44	3076.18	0.2203	8.8554e+08	2.10561e+08	1.33242e+07	61619.2	0.0265413
0	6	3	[-750.   -433.01   20.  ]	10	1	0	19	6	7.42183e+06	1.23697e+06	2148.44	3454.52	0.247394	8.92962e+08	2.11798e+08	1.33264e+07	65073.7	0.0273936
0	6	4	[-250.   -433.01   20.  ]	10	1	0	19	8	7.12888e+06	891109	2148.44	3318.16	0.237629	9.00091e+08	2.12689e+08	1.33285e+07	68391.9	0.0265023
0	6	5	[ 250.   -433.01   20.  ]	10	1	0	19	4	9.9705e+06	2.49262e+06	2148.44	4640.81	0.33235	9.10061e+08	2.15182e+08	1.33307e+07	73032.7	0.0358852
0	6	6	[ 750.   -433.01   20.  ]	10	1	0	19	13	1.07692e+07	828396	2148.44	5012.54	0.358972	9.2083e+08	2.1601e+08	1.33328e+07	78045.2	0.0394857
0	6	7	[-1000.     0.    20.]	10	1	0	19	3	1.528e+07	5.09333e+06	2148.44	7112.13	0.509333	9.3611e+08	2.21104e+08	1.3335e+07	85157.4	0.0548819
0	6	8	[-500.    0.   20.]	10	1	0	19	5	5.828e+06	1.1656e+06	2148.44	2712.66	0.194267	9.41938e+08	2.22269e+08	1.33371e+07	87870	0.0249149
0	6	9	[ 0.  0. 20.]	10	1	0	19	9	6.263e+06	695889	2148.44	2915.14	0.208767	9.48201e+08	2.22965e+08	1.33393e+07	90785.2	0.0233682
0	6	10	[500.   0.  20.]	10	1	0	19	9	9.29033e+06	1.03226e+06	2148.44	4324.22	0.309678	9.57492e+08	2.23998e+08	1.33414e+07	95109.4	0.0333046
0	6	11	[1000.    0.   20.]	10	1	0	19	3	9.62267e+06	3.20756e+06	2148.44	4478.91	0.320756	9.67114e+08	2.27205e+08	1.33436e+07	99588.3	0.035406
0	6	12	[-750.    433.01   20.  ]	10	1	0	19	7	1.26843e+07	1.81204e+06	2148.44	5903.95	0.42281	9.79799e+08	2.29017e+08	1.33457e+07	105492	0.0458216
0	6	13	[-250.    433.01   20.  ]	10	1	0	19	5	7.0388e+06	1.40776e+06	2148.44	3276.24	0.234627	9.86838e+08	2.30425e+08	1.33479e+07	108768	0.0280448
0	6	14	[250.   433.01  20.  ]	10	1	0	19	7	7.25714e+06	1.03673e+06	2148.44	3377.86	0.241905	9.94095e+08	2.31462e+08	1.335e+07	112146	0.026995
0	6	15	[750.   433.01  20.  ]	10	1	0	19	2	3.984e+06	1.992e+06	2148.44	1854.37	0.1328	9.98079e+08	2.33454e+08	1.33522e+07	114001	0.0159795
0	6	16	[-500.    866.03   20.  ]	10	1	0	19	5	1.25704e+07	2.51408e+06	2148.44	5850.94	0.419013	1.01065e+09	2.35968e+08	1.33543e+07	119852	0.0434993
0	6	17	[  0.   866.03  20.  ]	10	1	0	19	4	1.04198e+07	2.60494e+06	2148.44	4849.91	0.347325	1.02107e+09	2.38573e+08	1.33565e+07	124702	0.0390824
0	6	18	[500.   866.03  20.  ]	10	1	0	19	1	4.902e+06	4.902e+06	2148.44	2281.65	0.1634	1.02597e+09	2.43475e+08	1.33586e+07	126983	0.0202482
0	7	0	[-500.   -866.03   20.  ]	10	1	0	14	3	1.1647e+07	3.88233e+06	1113.52	10459.6	0.388233	1.03762e+09	2.47357e+08	1.33597e+07	137443	0.0408482
0	7	1	[   0.   -866.03   20.  ]	10	1	0	14	5	1.23084e+07	2.46168e+06	1113.52	11053.6	0.41028	1.04993e+09	2.49819e+08	1.33608e+07	148496	0.0451128
0	7	2	[ 500.   -866.03   20.  ]	10	1	0	14	5	6.609e+06	1.3218e+06	1113.52	5935.21	0.2203	1.05654e+09	2.5114e+08	1.33619e+07	154432	0.0265413
0	7	3	[-750.   -433.01   20.  ]	10	1	0	14	6	7.42183e+06	1.23697e+06	1113.52	6665.18	0.247394	1.06396e+09	2.52377e+08	1.33631e+07	161097	0.0273936
0	7	4	[-250.   -433.01   20.  ]	10	1	0	14	8	7.12888e+06	891109	1113.52	6402.08	0.237629	1.07109e+09	2.53269e+08	1.33642e+07	167499	0.0265023
0	7	5	[ 250.   -433.01   20.  ]	10	1	0	14	4	9.9705e+06	2.49262e+06	1113.52	8954.01	0.33235	1.08106e+09	2.55761e+08	1.33653e+07	176453	0.0358852
0	7	6	[ 750.   -433.01   20.  ]	10	1	0	14	13	1.07692e+07	828396	1113.52	9671.24	0.358972	1.09183e+09	2.5659e+08	1.33664e+07	186124	0.0394857
0	7	7	[-1000.     0.    20.]	10	1	0	14	3	1.528e+07	5.09333e+06	1113.52	13722.2	0.509333	1.10711e+09	2.61683e+08	1.33675e+07	199846	0.0548819
0	7	8	[-500.    0.   20.]	10	1	0	14	5	5.828e+06	1.1656e+06	1113.52	5233.83	0.194267	1.11293e+09	2.62848e+08	1.33686e+07	205080	0.0249149
0	7	9	[ 0.  0. 20.]	10	1	0	14	9	6.263e+06	695889	1113.52	5624.49	0.208767	1.1192e+09	2.63544e+08	1.33697e+07	210705	0.0233682
0	7	10	[500.   0.  20.]	10	1	0	14	9	9.29033e+06	1.03226e+06	1113.52	8343.18	0.309678	1.12849e+09	2.64577e+08	1.33709e+07	219048	0.0333046
0	7	11	[1000.    0.   20.]	10	1	0	14	3	9.62267e+06	3.20756e+06	1113.52	8641.63	0.320756	1.13811e+09	2.67784e+08	1.3372e+07	227689	0.035406
0	7	12	[-750.    433.01   20.  ]	10	1	0	14	7	1.26843e+07	1.81204e+06	1113.52	11391.1	0.42281	1.15079e+09	2.69596e+08	1.33731e+07	239081	0.0458216
0	7	13	[-250.    433.01   20.  ]	10	1	0	14	5	7.0388e+06	1.40776e+06	1113.52	6321.19	0.234627	1.15783e+09	2.71004e+08	1.33742e+07	245402	0.0280448
0	7	14	[250.   433.01  20.  ]	10	1	0	14	7	7.25714e+06	1.03673e+06	1113.52	6517.28	0.241905	1.16509e+09	2.72041e+08	1.33753e+07	251919	0.026995
0	7	15	[750.   433.01  20.  ]	10	1	0	14	2	3.984e+06	1.992e+06	1113.52	3577.83	0.1328	1.16907e+09	2.74033e+08	1.33764e+07	255497	0.0159795
0	7	16	[-500.    866.03   20.  ]	10	1	0	14	5	1.25704e+07	2.51408e+06	1113.52	11288.8	0.419013	1.18164e+09	2.76547e+08	1.33775e+07	266786	0.0434993
0	7	17	[  0.   866.03  20.  ]	10	1	0	14	4	1.04198e+07	2.60494e+06	1113.52	9357.45	0.347325	1.19206e+09	2.79152e+08	1.33786e+07	276143	0.0390824
0	7	18	[500.   866.03  20.  ]	10	1	0	14	1	4.902e+06	4.902e+06	1113.52	4402.24	0.1634	1.19697e+09	2.84054e+08	1.33798e+07	280545	0.0202482
0	8	0	[-500.   -866.03   20.  ]	10	1	0	9	3	1.1647e+07	3.88233e+06	786.255	14813.3	0.388233	1.20861e+09	2.87936e+08	1.33805e+07	295359	0.0408482
0	8	1	[   0.   -866.03   20.  ]	10	1	0	9	5	1.23084e+07	2.46168e+06	786.255	15654.5	0.41028	1.22092e+09	2.90398e+08	1.33813e+07	311013	0.0451128
0	8	2	[ 500.   -866.03   20.  ]	10	1	0	9	5	6.609e+06	1.3218e+06	786.255	8405.67	0.2203	1.22753e+09	2.9172e+08	1.33821e+07	319419	0.0265413
0	8	3	[-750.   -433.01   20.  ]	10	1	0	9	6	7.42183e+06	1.23697e+06	786.255	9439.48	0.247394	1.23495e+09	2.92957e+08	1.33829e+07	328858	0.0273936
0	8	4	[-250.   -433.01   20.  ]	10	1	0	9	8	7.12888e+06	891109	786.255	9066.88	0.237629	1.24208e+09	2.93848e+08	1.33837e+07	337925	0.0265023
0	8	5	[ 250.   -433.01   20.  ]	10	1	0	9	4	9.9705e+06	2.49262e+06	786.255	12681	0.33235	1.25205e+09	2.9634e+08	1.33845e+07	350606	0.0358852
0	8	6	[ 750.   -433.01   20.  ]	10	1	0	9	13	1.07692e+07	828396	786.255	13696.8	0.358972	1.26282e+09	2.97169e+08	1.33853e+07	364303	0.0394857
0	8	7	[-1000.     0.    20.]	10	1	0	9	3	1.528e+07	5.09333e+06	786.255	19433.9	0.509333	1.2781e+09	3.02262e+08	1.33861e+07	383737	0.0548819
0	8	8	[-500.    0.   20.]	10	1	0	9	5	5.828e+06	1.1656e+06	786.255	7412.36	0.194267	1.28393e+09	3.03428e+08	1.33868e+07	391149	0.0249149
0	8	9	[ 0.  0. 20.]	10	1	0	9	9	6.263e+06	695889	786.255	7965.61	0.208767	1.29019e+09	3.04123e+08	1.33876e+07	399115	0.0233682
0	8	10	[500.   0.  20.]	10	1	0	9	9	9.29033e+06	1.03226e+06	786.255	11815.9	0.309678	1.29948e+09	3.05156e+08	1.33884e+07	410931	0.0333046
0	8	11	[1000.    0.   20.]	10	1	0	9	3	9.62267e+06	3.20756e+06	786.255	12238.6	0.320756	1.3091e+09	3.08363e+08	1.33892e+07	423169	0.035406
0	8	12	[-750.    433.01   20.  ]	10	1	0	9	7	1.26843e+07	1.81204e+06	786.255	16132.5	0.42281	1.32179e+09	3.10175e+08	1.339e+07	439302	0.0458216
0	8	13	[-250.    433.01   20.  ]	10	1	0	9	5	7.0388e+06	1.40776e+06	786.255	8952.32	0.234627	1.32883e+09	3.11583e+08	1.33908e+07	448254	0.0280448
0	8	14	[250.   433.01  20.  ]	10	1	0	9	7	7.25714e+06	1.03673e+06	786.255	9230.02	0.241905	1.33608e+09	3.1262e+08	1.33916e+07	457484	0.026995
0	8	15	[750.   433.01  20.  ]	10	1	0	9	2	3.984e+06	1.992e+06	786.255	5067.06	0.1328	1.34007e+09	3.14612e+08	1.33923e+07	462551	0.0159795
0	8	16	[-500.    866.03   20.  ]	10	1	0	9	5	1.25704e+07	2.51408e+06	786.255	15987.7	0.419013	1.35264e+09	3.17126e+08	1.33931e+07	478539	0.0434993
0	8	17	[  0.   866.03  20.  ]	10	1	0	9	4	1.04198e+07	2.60494e+06	786.255	13252.4	0.347325	1.36306e+09	3.19731e+08	1.33939e+07	491791	0.0390824
0	8	18	[500.   866.03  20.  ]	10	1	0	9	1	4.902e+06	4.902e+06	786.255	6234.62	0.1634	1.36796e+09	3.24633e+08	1.33947e+07	498026	0.0202482
0	9	0	[-500.   -866.03   20.  ]	10	1	0	4	3	1.1647e+07	3.88233e+06	682.763	17058.6	0.388233	1.37961e+09	3.28515e+08	1.33954e+07	515085	0.0408482
0	9	1	[   0.   -866.03   20.  ]	10	1	0	4	5	1.23084e+07	2.46168e+06	682.763	18027.3	0.41028	1.39192e+09	3.30977e+08	1.33961e+07	533112	0.0451128
0	9	2	[ 500.   -866.03   20.  ]	10	1	0	4	5	6.609e+06	1.3218e+06	682.763	9679.79	0.2203	1.39853e+09	3.32299e+08	1.33967e+07	542792	0.0265413
0	9	3	[-750.   -433.01   20.  ]	10	1	0	4	6	7.42183e+06	1.23697e+06	682.763	10870.3	0.247394	1.40595e+09	3.33536e+08	1.33974e+07	553662	0.0273936
0	9	4	[-250.   -433.01   20.  ]	10	1	0	4	8	7.12888e+06	891109	682.763	10441.2	0.237629	1.41308e+09	3.34427e+08	1.33981e+07	564103	0.0265023
0	9	5	[ 250.   -433.01   20.  ]	10	1	0	4	4	9.9705e+06	2.49262e+06	682.763	14603.2	0.33235	1.42305e+09	3.36919e+08	1.33988e+07	578706	0.0358852
0	9	6	[ 750.   -433.01   20.  ]	10	1	0	4	13	1.07692e+07	828396	682.763	15772.9	0.358972	1.43382e+09	3.37748e+08	1.33995e+07	594479	0.0394857
0	9	7	[-1000.     0.    20.]	10	1	0	4	3	1.528e+07	5.09333e+06	682.763	22379.7	0.509333	1.4491e+09	3.42841e+08	1.34002e+07	616859	0.0548819
0	9	8	[-500.    0.   20.]	10	1	0	4	5	5.828e+06	1.1656e+06	682.763	8535.91	0.194267	1.45492e+09	3.44007e+08	1.34008e+07	625395	0.0249149
0	9	9	[ 0.  0. 20.]	10	1	0	4	9	6.263e+06	695889	682.763	9173.02	0.208767	1.46119e+09	3.44703e+08	1.34015e+07	634568	0.0233682
0	9	10	[500.   0.  20.]	10	1	0	4	9	9.29033e+06	1.03226e+06	682.763	13607	0.309678	1.47048e+09	3.45735e+08	1.34022e+07	648175	0.0333046
0	9	11	[1000.    0.   20.]	10	1	0	4	3	9.62267e+06	3.20756e+06	682.763	14093.7	0.320756	1.4801e+09	3.48942e+08	1.34029e+07	662269	0.035406
0	9	12	[-750.    433.01   20.  ]	10	1	0	4	7	1.26843e+07	1.81204e+06	682.763	18577.9	0.42281	1.49278e+09	3.50754e+08	1.34036e+07	680846	0.0458216
0	9	13	[-250.    433.01   20.  ]	10	1	0	4	5	7.0388e+06	1.40776e+06	682.763	10309.3	0.234627	1.49982e+09	3.52162e+08	1.34043e+07	691156	0.0280448
0	9	14	[250.   433.01  20.  ]	10	1	0	4	7	7.25714e+06	1.03673e+06	682.763	10629.1	0.241905	1.50708e+09	3.53199e+08	1.34049e+07	701785	0.026995
0	9	15	[750.   433.01  20.  ]	10	1	0	4	2	3.984e+06	1.992e+06	682.763	5835.12	0.1328	1.51106e+09	3.55191e+08	1.34056e+07	707620	0.0159795
0	9	16	[-500.    866.03   20.  ]	10	1	0	4	5	1.25704e+07	2.51408e+06	682.763	18411.1	0.419013	1.52363e+09	3.57705e+08	1.34063e+07	726031	0.0434993
0	9	17	[  0.   866.03  20.  ]	10	1	0	4	4	1.04198e+07	2.60494e+06	682.763	15261.2	0.347325	1.53405e+09	3.6031e+08	1.3407e+07	741292	0.0390824
0	9	18	[500.   866.03  20.  ]	10	1	0	4	1	4.902e+06	4.902e+06	682.763	7179.65	0.1634	1.53896e+09	3.65212e+08	1.34077e+07	748472	0.0202482
